{"v": "5.5.7", "meta": {"g": "LottieFiles AE 0.1.21", "a": "Nirmal", "k": "Scan, QR Code, scanning, finding", "d": "Scan matrix ", "tc": "black"}, "fr": 29.9700012207031, "ip": 0, "op": 60.0000024438501, "w": 328, "h": 208, "nm": "Comp 1", "ddd": 0, "assets": [{"id": "comp_0", "layers": [{"ddd": 0, "ind": 1, "ty": 4, "nm": "Shape Layer 3", "sr": 1, "ks": {"o": {"a": 0, "k": 100, "ix": 11}, "r": {"a": 0, "k": 0, "ix": 10}, "p": {"a": 0, "k": [164, 104, 0], "ix": 2}, "a": {"a": 0, "k": [0, 0, 0], "ix": 1}, "s": {"a": 0, "k": [100, 100, 100], "ix": 6}}, "ao": 0, "shapes": [{"ty": "gr", "it": [{"d": 1, "ty": "el", "s": {"a": 0, "k": [3.968, 3.968], "ix": 2}, "p": {"a": 0, "k": [0, 0], "ix": 3}, "nm": "Ellipse Path 1", "mn": "ADBE Vector Shape - Ellipse", "hd": false}, {"ty": "st", "c": {"a": 0, "k": [1, 1, 1, 1], "ix": 3}, "o": {"a": 0, "k": 100, "ix": 4}, "w": {"a": 0, "k": 0.1, "ix": 5}, "lc": 1, "lj": 1, "ml": 4, "bm": 0, "nm": "Stroke 1", "mn": "ADBE Vector Graphic - Stroke", "hd": true}, {"ty": "fl", "c": {"a": 0, "k": [0.921768008961, 0.377249983245, 0.713619995117, 1], "ix": 4}, "o": {"a": 0, "k": 100, "ix": 5}, "r": 1, "bm": 0, "nm": "Fill 1", "mn": "ADBE Vector Graphic - Fill", "hd": false}, {"ty": "tr", "p": {"a": 0, "k": [62.275, -8.435], "ix": 2}, "a": {"a": 0, "k": [0, 0], "ix": 1}, "s": {"a": 0, "k": [100, 100], "ix": 3}, "r": {"a": 0, "k": 0, "ix": 6}, "o": {"a": 0, "k": 100, "ix": 7}, "sk": {"a": 0, "k": 0, "ix": 4}, "sa": {"a": 0, "k": 0, "ix": 5}, "nm": "Transform"}], "nm": "Ellipse 38", "np": 3, "cix": 2, "bm": 0, "ix": 1, "mn": "ADBE Vector Group", "hd": false}, {"ty": "gr", "it": [{"d": 1, "ty": "el", "s": {"a": 0, "k": [1.322, 1.322], "ix": 2}, "p": {"a": 0, "k": [0, 0], "ix": 3}, "nm": "Ellipse Path 1", "mn": "ADBE Vector Shape - Ellipse", "hd": false}, {"ty": "st", "c": {"a": 0, "k": [1, 1, 1, 1], "ix": 3}, "o": {"a": 0, "k": 100, "ix": 4}, "w": {"a": 0, "k": 0.1, "ix": 5}, "lc": 1, "lj": 1, "ml": 4, "bm": 0, "nm": "Stroke 1", "mn": "ADBE Vector Graphic - Stroke", "hd": true}, {"ty": "fl", "c": {"a": 0, "k": [0.921768008961, 0.377249983245, 0.713619995117, 1], "ix": 4}, "o": {"a": 0, "k": 100, "ix": 5}, "r": 1, "bm": 0, "nm": "Fill 1", "mn": "ADBE Vector Graphic - Fill", "hd": false}, {"ty": "tr", "p": {"a": 0, "k": [37.083, -2.181], "ix": 2}, "a": {"a": 0, "k": [0, 0], "ix": 1}, "s": {"a": 0, "k": [100, 100], "ix": 3}, "r": {"a": 0, "k": 0, "ix": 6}, "o": {"a": 0, "k": 100, "ix": 7}, "sk": {"a": 0, "k": 0, "ix": 4}, "sa": {"a": 0, "k": 0, "ix": 5}, "nm": "Transform"}], "nm": "Ellipse 37", "np": 3, "cix": 2, "bm": 0, "ix": 2, "mn": "ADBE Vector Group", "hd": false}, {"ty": "gr", "it": [{"d": 1, "ty": "el", "s": {"a": 0, "k": [3.886, 3.886], "ix": 2}, "p": {"a": 0, "k": [0, 0], "ix": 3}, "nm": "Ellipse Path 1", "mn": "ADBE Vector Shape - Ellipse", "hd": false}, {"ty": "st", "c": {"a": 0, "k": [1, 1, 1, 1], "ix": 3}, "o": {"a": 0, "k": 100, "ix": 4}, "w": {"a": 0, "k": 0.1, "ix": 5}, "lc": 1, "lj": 1, "ml": 4, "bm": 0, "nm": "Stroke 1", "mn": "ADBE Vector Graphic - Stroke", "hd": true}, {"ty": "fl", "c": {"a": 0, "k": [0.921768008961, 0.377249983245, 0.713619995117, 1], "ix": 4}, "o": {"a": 0, "k": 100, "ix": 5}, "r": 1, "bm": 0, "nm": "Fill 1", "mn": "ADBE Vector Graphic - Fill", "hd": false}, {"ty": "tr", "p": {"a": 0, "k": [-59.762, -20.978], "ix": 2}, "a": {"a": 0, "k": [0, 0], "ix": 1}, "s": {"a": 0, "k": [100, 100], "ix": 3}, "r": {"a": 0, "k": 0, "ix": 6}, "o": {"a": 0, "k": 100, "ix": 7}, "sk": {"a": 0, "k": 0, "ix": 4}, "sa": {"a": 0, "k": 0, "ix": 5}, "nm": "Transform"}], "nm": "Ellipse 36", "np": 3, "cix": 2, "bm": 0, "ix": 3, "mn": "ADBE Vector Group", "hd": false}, {"ty": "gr", "it": [{"d": 1, "ty": "el", "s": {"a": 0, "k": [2.631, 2.631], "ix": 2}, "p": {"a": 0, "k": [0, 0], "ix": 3}, "nm": "Ellipse Path 1", "mn": "ADBE Vector Shape - Ellipse", "hd": false}, {"ty": "st", "c": {"a": 0, "k": [1, 1, 1, 1], "ix": 3}, "o": {"a": 0, "k": 100, "ix": 4}, "w": {"a": 0, "k": 0.1, "ix": 5}, "lc": 1, "lj": 1, "ml": 4, "bm": 0, "nm": "Stroke 1", "mn": "ADBE Vector Graphic - Stroke", "hd": true}, {"ty": "fl", "c": {"a": 0, "k": [0.921768008961, 0.377249983245, 0.713619995117, 1], "ix": 4}, "o": {"a": 0, "k": 100, "ix": 5}, "r": 1, "bm": 0, "nm": "Fill 1", "mn": "ADBE Vector Graphic - Fill", "hd": false}, {"ty": "tr", "p": {"a": 0, "k": [-48.644, 6.809], "ix": 2}, "a": {"a": 0, "k": [0, 0], "ix": 1}, "s": {"a": 0, "k": [100, 100], "ix": 3}, "r": {"a": 0, "k": 0, "ix": 6}, "o": {"a": 0, "k": 100, "ix": 7}, "sk": {"a": 0, "k": 0, "ix": 4}, "sa": {"a": 0, "k": 0, "ix": 5}, "nm": "Transform"}], "nm": "Ellipse 35", "np": 3, "cix": 2, "bm": 0, "ix": 4, "mn": "ADBE Vector Group", "hd": false}, {"ty": "gr", "it": [{"d": 1, "ty": "el", "s": {"a": 0, "k": [1.114, 1.114], "ix": 2}, "p": {"a": 0, "k": [0, 0], "ix": 3}, "nm": "Ellipse Path 1", "mn": "ADBE Vector Shape - Ellipse", "hd": false}, {"ty": "st", "c": {"a": 0, "k": [1, 1, 1, 1], "ix": 3}, "o": {"a": 0, "k": 100, "ix": 4}, "w": {"a": 0, "k": 0.1, "ix": 5}, "lc": 1, "lj": 1, "ml": 4, "bm": 0, "nm": "Stroke 1", "mn": "ADBE Vector Graphic - Stroke", "hd": true}, {"ty": "fl", "c": {"a": 0, "k": [0.921768008961, 0.377249983245, 0.713619995117, 1], "ix": 4}, "o": {"a": 0, "k": 100, "ix": 5}, "r": 1, "bm": 0, "nm": "Fill 1", "mn": "ADBE Vector Graphic - Fill", "hd": false}, {"ty": "tr", "p": {"a": 0, "k": [-5.833, 23.479], "ix": 2}, "a": {"a": 0, "k": [0, 0], "ix": 1}, "s": {"a": 0, "k": [100, 100], "ix": 3}, "r": {"a": 0, "k": 0, "ix": 6}, "o": {"a": 0, "k": 100, "ix": 7}, "sk": {"a": 0, "k": 0, "ix": 4}, "sa": {"a": 0, "k": 0, "ix": 5}, "nm": "Transform"}], "nm": "Ellipse 34", "np": 3, "cix": 2, "bm": 0, "ix": 5, "mn": "ADBE Vector Group", "hd": false}, {"ty": "gr", "it": [{"d": 1, "ty": "el", "s": {"a": 0, "k": [4.258, 4.258], "ix": 2}, "p": {"a": 0, "k": [0, 0], "ix": 3}, "nm": "Ellipse Path 1", "mn": "ADBE Vector Shape - Ellipse", "hd": false}, {"ty": "st", "c": {"a": 0, "k": [1, 1, 1, 1], "ix": 3}, "o": {"a": 0, "k": 100, "ix": 4}, "w": {"a": 0, "k": 0.1, "ix": 5}, "lc": 1, "lj": 1, "ml": 4, "bm": 0, "nm": "Stroke 1", "mn": "ADBE Vector Graphic - Stroke", "hd": true}, {"ty": "fl", "c": {"a": 0, "k": [0.921768008961, 0.377249983245, 0.713619995117, 1], "ix": 4}, "o": {"a": 0, "k": 100, "ix": 5}, "r": 1, "bm": 0, "nm": "Fill 1", "mn": "ADBE Vector Graphic - Fill", "hd": false}, {"ty": "tr", "p": {"a": 0, "k": [117.735, 79.987], "ix": 2}, "a": {"a": 0, "k": [0, 0], "ix": 1}, "s": {"a": 0, "k": [100, 100], "ix": 3}, "r": {"a": 0, "k": 0, "ix": 6}, "o": {"a": 0, "k": 100, "ix": 7}, "sk": {"a": 0, "k": 0, "ix": 4}, "sa": {"a": 0, "k": 0, "ix": 5}, "nm": "Transform"}], "nm": "Ellipse 33", "np": 3, "cix": 2, "bm": 0, "ix": 6, "mn": "ADBE Vector Group", "hd": false}, {"ty": "gr", "it": [{"d": 1, "ty": "el", "s": {"a": 0, "k": [2.423, 2.423], "ix": 2}, "p": {"a": 0, "k": [0, 0], "ix": 3}, "nm": "Ellipse Path 1", "mn": "ADBE Vector Shape - Ellipse", "hd": false}, {"ty": "st", "c": {"a": 0, "k": [1, 1, 1, 1], "ix": 3}, "o": {"a": 0, "k": 100, "ix": 4}, "w": {"a": 0, "k": 0.1, "ix": 5}, "lc": 1, "lj": 1, "ml": 4, "bm": 0, "nm": "Stroke 1", "mn": "ADBE Vector Graphic - Stroke", "hd": true}, {"ty": "fl", "c": {"a": 0, "k": [0.921768008961, 0.377249983245, 0.713619995117, 1], "ix": 4}, "o": {"a": 0, "k": 100, "ix": 5}, "r": 1, "bm": 0, "nm": "Fill 1", "mn": "ADBE Vector Graphic - Fill", "hd": false}, {"ty": "tr", "p": {"a": 0, "k": [115.302, 61.641], "ix": 2}, "a": {"a": 0, "k": [0, 0], "ix": 1}, "s": {"a": 0, "k": [100, 100], "ix": 3}, "r": {"a": 0, "k": 0, "ix": 6}, "o": {"a": 0, "k": 100, "ix": 7}, "sk": {"a": 0, "k": 0, "ix": 4}, "sa": {"a": 0, "k": 0, "ix": 5}, "nm": "Transform"}], "nm": "Ellipse 32", "np": 3, "cix": 2, "bm": 0, "ix": 7, "mn": "ADBE Vector Group", "hd": false}, {"ty": "gr", "it": [{"d": 1, "ty": "el", "s": {"a": 0, "k": [5.14, 5.14], "ix": 2}, "p": {"a": 0, "k": [0, 0], "ix": 3}, "nm": "Ellipse Path 1", "mn": "ADBE Vector Shape - Ellipse", "hd": false}, {"ty": "st", "c": {"a": 0, "k": [1, 1, 1, 1], "ix": 3}, "o": {"a": 0, "k": 100, "ix": 4}, "w": {"a": 0, "k": 0.1, "ix": 5}, "lc": 1, "lj": 1, "ml": 4, "bm": 0, "nm": "Stroke 1", "mn": "ADBE Vector Graphic - Stroke", "hd": true}, {"ty": "fl", "c": {"a": 0, "k": [0.921768008961, 0.377249983245, 0.713619995117, 1], "ix": 4}, "o": {"a": 0, "k": 100, "ix": 5}, "r": 1, "bm": 0, "nm": "Fill 1", "mn": "ADBE Vector Graphic - Fill", "hd": false}, {"ty": "tr", "p": {"a": 0, "k": [87.109, 65.273], "ix": 2}, "a": {"a": 0, "k": [0, 0], "ix": 1}, "s": {"a": 0, "k": [100, 100], "ix": 3}, "r": {"a": 0, "k": 0, "ix": 6}, "o": {"a": 0, "k": 100, "ix": 7}, "sk": {"a": 0, "k": 0, "ix": 4}, "sa": {"a": 0, "k": 0, "ix": 5}, "nm": "Transform"}], "nm": "Ellipse 31", "np": 3, "cix": 2, "bm": 0, "ix": 8, "mn": "ADBE Vector Group", "hd": false}, {"ty": "gr", "it": [{"d": 1, "ty": "el", "s": {"a": 0, "k": [1.533, 1.533], "ix": 2}, "p": {"a": 0, "k": [0, 0], "ix": 3}, "nm": "Ellipse Path 1", "mn": "ADBE Vector Shape - Ellipse", "hd": false}, {"ty": "st", "c": {"a": 0, "k": [1, 1, 1, 1], "ix": 3}, "o": {"a": 0, "k": 100, "ix": 4}, "w": {"a": 0, "k": 0.1, "ix": 5}, "lc": 1, "lj": 1, "ml": 4, "bm": 0, "nm": "Stroke 1", "mn": "ADBE Vector Graphic - Stroke", "hd": true}, {"ty": "fl", "c": {"a": 0, "k": [0.921768008961, 0.377249983245, 0.713619995117, 1], "ix": 4}, "o": {"a": 0, "k": 100, "ix": 5}, "r": 1, "bm": 0, "nm": "Fill 1", "mn": "ADBE Vector Graphic - Fill", "hd": false}, {"ty": "tr", "p": {"a": 0, "k": [40.978, 73.699], "ix": 2}, "a": {"a": 0, "k": [0, 0], "ix": 1}, "s": {"a": 0, "k": [100, 100], "ix": 3}, "r": {"a": 0, "k": 0, "ix": 6}, "o": {"a": 0, "k": 100, "ix": 7}, "sk": {"a": 0, "k": 0, "ix": 4}, "sa": {"a": 0, "k": 0, "ix": 5}, "nm": "Transform"}], "nm": "Ellipse 30", "np": 3, "cix": 2, "bm": 0, "ix": 9, "mn": "ADBE Vector Group", "hd": false}, {"ty": "gr", "it": [{"d": 1, "ty": "el", "s": {"a": 0, "k": [1.236, 1.236], "ix": 2}, "p": {"a": 0, "k": [0, 0], "ix": 3}, "nm": "Ellipse Path 1", "mn": "ADBE Vector Shape - Ellipse", "hd": false}, {"ty": "st", "c": {"a": 0, "k": [1, 1, 1, 1], "ix": 3}, "o": {"a": 0, "k": 100, "ix": 4}, "w": {"a": 0, "k": 0.1, "ix": 5}, "lc": 1, "lj": 1, "ml": 4, "bm": 0, "nm": "Stroke 1", "mn": "ADBE Vector Graphic - Stroke", "hd": true}, {"ty": "fl", "c": {"a": 0, "k": [0.921768008961, 0.377249983245, 0.713619995117, 1], "ix": 4}, "o": {"a": 0, "k": 100, "ix": 5}, "r": 1, "bm": 0, "nm": "Fill 1", "mn": "ADBE Vector Graphic - Fill", "hd": false}, {"ty": "tr", "p": {"a": 0, "k": [-25.473, 76.203], "ix": 2}, "a": {"a": 0, "k": [0, 0], "ix": 1}, "s": {"a": 0, "k": [100, 100], "ix": 3}, "r": {"a": 0, "k": 0, "ix": 6}, "o": {"a": 0, "k": 100, "ix": 7}, "sk": {"a": 0, "k": 0, "ix": 4}, "sa": {"a": 0, "k": 0, "ix": 5}, "nm": "Transform"}], "nm": "Ellipse 29", "np": 3, "cix": 2, "bm": 0, "ix": 10, "mn": "ADBE Vector Group", "hd": false}, {"ty": "gr", "it": [{"d": 1, "ty": "el", "s": {"a": 0, "k": [2.371, 2.371], "ix": 2}, "p": {"a": 0, "k": [0, 0], "ix": 3}, "nm": "Ellipse Path 1", "mn": "ADBE Vector Shape - Ellipse", "hd": false}, {"ty": "st", "c": {"a": 0, "k": [1, 1, 1, 1], "ix": 3}, "o": {"a": 0, "k": 100, "ix": 4}, "w": {"a": 0, "k": 0.1, "ix": 5}, "lc": 1, "lj": 1, "ml": 4, "bm": 0, "nm": "Stroke 1", "mn": "ADBE Vector Graphic - Stroke", "hd": true}, {"ty": "fl", "c": {"a": 0, "k": [0.921768008961, 0.377249983245, 0.713619995117, 1], "ix": 4}, "o": {"a": 0, "k": 100, "ix": 5}, "r": 1, "bm": 0, "nm": "Fill 1", "mn": "ADBE Vector Graphic - Fill", "hd": false}, {"ty": "tr", "p": {"a": 0, "k": [-74.917, 76.012], "ix": 2}, "a": {"a": 0, "k": [0, 0], "ix": 1}, "s": {"a": 0, "k": [100, 100], "ix": 3}, "r": {"a": 0, "k": 0, "ix": 6}, "o": {"a": 0, "k": 100, "ix": 7}, "sk": {"a": 0, "k": 0, "ix": 4}, "sa": {"a": 0, "k": 0, "ix": 5}, "nm": "Transform"}], "nm": "Ellipse 28", "np": 3, "cix": 2, "bm": 0, "ix": 11, "mn": "ADBE Vector Group", "hd": false}, {"ty": "gr", "it": [{"d": 1, "ty": "el", "s": {"a": 0, "k": [2.563, 2.563], "ix": 2}, "p": {"a": 0, "k": [0, 0], "ix": 3}, "nm": "Ellipse Path 1", "mn": "ADBE Vector Shape - Ellipse", "hd": false}, {"ty": "st", "c": {"a": 0, "k": [1, 1, 1, 1], "ix": 3}, "o": {"a": 0, "k": 100, "ix": 4}, "w": {"a": 0, "k": 0.1, "ix": 5}, "lc": 1, "lj": 1, "ml": 4, "bm": 0, "nm": "Stroke 1", "mn": "ADBE Vector Graphic - Stroke", "hd": true}, {"ty": "fl", "c": {"a": 0, "k": [0.921768008961, 0.377249983245, 0.713619995117, 1], "ix": 4}, "o": {"a": 0, "k": 100, "ix": 5}, "r": 1, "bm": 0, "nm": "Fill 1", "mn": "ADBE Vector Graphic - Fill", "hd": false}, {"ty": "tr", "p": {"a": 0, "k": [-97.174, 54.134], "ix": 2}, "a": {"a": 0, "k": [0, 0], "ix": 1}, "s": {"a": 0, "k": [100, 100], "ix": 3}, "r": {"a": 0, "k": 0, "ix": 6}, "o": {"a": 0, "k": 100, "ix": 7}, "sk": {"a": 0, "k": 0, "ix": 4}, "sa": {"a": 0, "k": 0, "ix": 5}, "nm": "Transform"}], "nm": "Ellipse 27", "np": 3, "cix": 2, "bm": 0, "ix": 12, "mn": "ADBE Vector Group", "hd": false}, {"ty": "gr", "it": [{"d": 1, "ty": "el", "s": {"a": 0, "k": [2.692, 2.692], "ix": 2}, "p": {"a": 0, "k": [0, 0], "ix": 3}, "nm": "Ellipse Path 1", "mn": "ADBE Vector Shape - Ellipse", "hd": false}, {"ty": "st", "c": {"a": 0, "k": [1, 1, 1, 1], "ix": 3}, "o": {"a": 0, "k": 100, "ix": 4}, "w": {"a": 0, "k": 0.1, "ix": 5}, "lc": 1, "lj": 1, "ml": 4, "bm": 0, "nm": "Stroke 1", "mn": "ADBE Vector Graphic - Stroke", "hd": true}, {"ty": "fl", "c": {"a": 0, "k": [0.921768008961, 0.377249983245, 0.713619995117, 1], "ix": 4}, "o": {"a": 0, "k": 100, "ix": 5}, "r": 1, "bm": 0, "nm": "Fill 1", "mn": "ADBE Vector Graphic - Fill", "hd": false}, {"ty": "tr", "p": {"a": 0, "k": [-61.117, 53.441], "ix": 2}, "a": {"a": 0, "k": [0, 0], "ix": 1}, "s": {"a": 0, "k": [100, 100], "ix": 3}, "r": {"a": 0, "k": 0, "ix": 6}, "o": {"a": 0, "k": 100, "ix": 7}, "sk": {"a": 0, "k": 0, "ix": 4}, "sa": {"a": 0, "k": 0, "ix": 5}, "nm": "Transform"}], "nm": "Ellipse 26", "np": 3, "cix": 2, "bm": 0, "ix": 13, "mn": "ADBE Vector Group", "hd": false}, {"ty": "gr", "it": [{"d": 1, "ty": "el", "s": {"a": 0, "k": [2.429, 2.429], "ix": 2}, "p": {"a": 0, "k": [0, 0], "ix": 3}, "nm": "Ellipse Path 1", "mn": "ADBE Vector Shape - Ellipse", "hd": false}, {"ty": "st", "c": {"a": 0, "k": [1, 1, 1, 1], "ix": 3}, "o": {"a": 0, "k": 100, "ix": 4}, "w": {"a": 0, "k": 0.1, "ix": 5}, "lc": 1, "lj": 1, "ml": 4, "bm": 0, "nm": "Stroke 1", "mn": "ADBE Vector Graphic - Stroke", "hd": true}, {"ty": "fl", "c": {"a": 0, "k": [0.921768008961, 0.377249983245, 0.713619995117, 1], "ix": 4}, "o": {"a": 0, "k": 100, "ix": 5}, "r": 1, "bm": 0, "nm": "Fill 1", "mn": "ADBE Vector Graphic - Fill", "hd": false}, {"ty": "tr", "p": {"a": 0, "k": [-22.604, 56.719], "ix": 2}, "a": {"a": 0, "k": [0, 0], "ix": 1}, "s": {"a": 0, "k": [100, 100], "ix": 3}, "r": {"a": 0, "k": 0, "ix": 6}, "o": {"a": 0, "k": 100, "ix": 7}, "sk": {"a": 0, "k": 0, "ix": 4}, "sa": {"a": 0, "k": 0, "ix": 5}, "nm": "Transform"}], "nm": "Ellipse 25", "np": 3, "cix": 2, "bm": 0, "ix": 14, "mn": "ADBE Vector Group", "hd": false}, {"ty": "gr", "it": [{"d": 1, "ty": "el", "s": {"a": 0, "k": [3.123, 3.123], "ix": 2}, "p": {"a": 0, "k": [0, 0], "ix": 3}, "nm": "Ellipse Path 1", "mn": "ADBE Vector Shape - Ellipse", "hd": false}, {"ty": "st", "c": {"a": 0, "k": [1, 1, 1, 1], "ix": 3}, "o": {"a": 0, "k": 100, "ix": 4}, "w": {"a": 0, "k": 0.1, "ix": 5}, "lc": 1, "lj": 1, "ml": 4, "bm": 0, "nm": "Stroke 1", "mn": "ADBE Vector Graphic - Stroke", "hd": true}, {"ty": "fl", "c": {"a": 0, "k": [0.921768008961, 0.377249983245, 0.713619995117, 1], "ix": 4}, "o": {"a": 0, "k": 100, "ix": 5}, "r": 1, "bm": 0, "nm": "Fill 1", "mn": "ADBE Vector Graphic - Fill", "hd": false}, {"ty": "tr", "p": {"a": 0, "k": [12.221, 52.898], "ix": 2}, "a": {"a": 0, "k": [0, 0], "ix": 1}, "s": {"a": 0, "k": [100, 100], "ix": 3}, "r": {"a": 0, "k": 0, "ix": 6}, "o": {"a": 0, "k": 100, "ix": 7}, "sk": {"a": 0, "k": 0, "ix": 4}, "sa": {"a": 0, "k": 0, "ix": 5}, "nm": "Transform"}], "nm": "Ellipse 24", "np": 3, "cix": 2, "bm": 0, "ix": 15, "mn": "ADBE Vector Group", "hd": false}, {"ty": "gr", "it": [{"d": 1, "ty": "el", "s": {"a": 0, "k": [3.08, 3.08], "ix": 2}, "p": {"a": 0, "k": [0, 0], "ix": 3}, "nm": "Ellipse Path 1", "mn": "ADBE Vector Shape - Ellipse", "hd": false}, {"ty": "st", "c": {"a": 0, "k": [1, 1, 1, 1], "ix": 3}, "o": {"a": 0, "k": 100, "ix": 4}, "w": {"a": 0, "k": 0.1, "ix": 5}, "lc": 1, "lj": 1, "ml": 4, "bm": 0, "nm": "Stroke 1", "mn": "ADBE Vector Graphic - Stroke", "hd": true}, {"ty": "fl", "c": {"a": 0, "k": [0.921768008961, 0.377249983245, 0.713619995117, 1], "ix": 4}, "o": {"a": 0, "k": 100, "ix": 5}, "r": 1, "bm": 0, "nm": "Fill 1", "mn": "ADBE Vector Graphic - Fill", "hd": false}, {"ty": "tr", "p": {"a": 0, "k": [64.483, 42.268], "ix": 2}, "a": {"a": 0, "k": [0, 0], "ix": 1}, "s": {"a": 0, "k": [100, 100], "ix": 3}, "r": {"a": 0, "k": 0, "ix": 6}, "o": {"a": 0, "k": 100, "ix": 7}, "sk": {"a": 0, "k": 0, "ix": 4}, "sa": {"a": 0, "k": 0, "ix": 5}, "nm": "Transform"}], "nm": "Ellipse 23", "np": 3, "cix": 2, "bm": 0, "ix": 16, "mn": "ADBE Vector Group", "hd": false}, {"ty": "gr", "it": [{"d": 1, "ty": "el", "s": {"a": 0, "k": [3.155, 3.155], "ix": 2}, "p": {"a": 0, "k": [0, 0], "ix": 3}, "nm": "Ellipse Path 1", "mn": "ADBE Vector Shape - Ellipse", "hd": false}, {"ty": "st", "c": {"a": 0, "k": [1, 1, 1, 1], "ix": 3}, "o": {"a": 0, "k": 100, "ix": 4}, "w": {"a": 0, "k": 0.1, "ix": 5}, "lc": 1, "lj": 1, "ml": 4, "bm": 0, "nm": "Stroke 1", "mn": "ADBE Vector Graphic - Stroke", "hd": true}, {"ty": "fl", "c": {"a": 0, "k": [0.921768008961, 0.377249983245, 0.713619995117, 1], "ix": 4}, "o": {"a": 0, "k": 100, "ix": 5}, "r": 1, "bm": 0, "nm": "Fill 1", "mn": "ADBE Vector Graphic - Fill", "hd": false}, {"ty": "tr", "p": {"a": 0, "k": [116.426, 26.394], "ix": 2}, "a": {"a": 0, "k": [0, 0], "ix": 1}, "s": {"a": 0, "k": [100, 100], "ix": 3}, "r": {"a": 0, "k": 0, "ix": 6}, "o": {"a": 0, "k": 100, "ix": 7}, "sk": {"a": 0, "k": 0, "ix": 4}, "sa": {"a": 0, "k": 0, "ix": 5}, "nm": "Transform"}], "nm": "Ellipse 22", "np": 3, "cix": 2, "bm": 0, "ix": 17, "mn": "ADBE Vector Group", "hd": false}, {"ty": "gr", "it": [{"d": 1, "ty": "el", "s": {"a": 0, "k": [1.388, 1.388], "ix": 2}, "p": {"a": 0, "k": [0, 0], "ix": 3}, "nm": "Ellipse Path 1", "mn": "ADBE Vector Shape - Ellipse", "hd": false}, {"ty": "st", "c": {"a": 0, "k": [1, 1, 1, 1], "ix": 3}, "o": {"a": 0, "k": 100, "ix": 4}, "w": {"a": 0, "k": 0.1, "ix": 5}, "lc": 1, "lj": 1, "ml": 4, "bm": 0, "nm": "Stroke 1", "mn": "ADBE Vector Graphic - Stroke", "hd": true}, {"ty": "fl", "c": {"a": 0, "k": [0.921768008961, 0.377249983245, 0.713619995117, 1], "ix": 4}, "o": {"a": 0, "k": 100, "ix": 5}, "r": 1, "bm": 0, "nm": "Fill 1", "mn": "ADBE Vector Graphic - Fill", "hd": false}, {"ty": "tr", "p": {"a": 0, "k": [98.115, 24.374], "ix": 2}, "a": {"a": 0, "k": [0, 0], "ix": 1}, "s": {"a": 0, "k": [100, 100], "ix": 3}, "r": {"a": 0, "k": 0, "ix": 6}, "o": {"a": 0, "k": 100, "ix": 7}, "sk": {"a": 0, "k": 0, "ix": 4}, "sa": {"a": 0, "k": 0, "ix": 5}, "nm": "Transform"}], "nm": "Ellipse 21", "np": 3, "cix": 2, "bm": 0, "ix": 18, "mn": "ADBE Vector Group", "hd": false}, {"ty": "gr", "it": [{"d": 1, "ty": "el", "s": {"a": 0, "k": [4.02, 4.02], "ix": 2}, "p": {"a": 0, "k": [0, 0], "ix": 3}, "nm": "Ellipse Path 1", "mn": "ADBE Vector Shape - Ellipse", "hd": false}, {"ty": "st", "c": {"a": 0, "k": [1, 1, 1, 1], "ix": 3}, "o": {"a": 0, "k": 100, "ix": 4}, "w": {"a": 0, "k": 0.1, "ix": 5}, "lc": 1, "lj": 1, "ml": 4, "bm": 0, "nm": "Stroke 1", "mn": "ADBE Vector Graphic - Stroke", "hd": true}, {"ty": "fl", "c": {"a": 0, "k": [0.921768008961, 0.377249983245, 0.713619995117, 1], "ix": 4}, "o": {"a": 0, "k": 100, "ix": 5}, "r": 1, "bm": 0, "nm": "Fill 1", "mn": "ADBE Vector Graphic - Fill", "hd": false}, {"ty": "tr", "p": {"a": 0, "k": [75.183, 14.323], "ix": 2}, "a": {"a": 0, "k": [0, 0], "ix": 1}, "s": {"a": 0, "k": [100, 100], "ix": 3}, "r": {"a": 0, "k": 0, "ix": 6}, "o": {"a": 0, "k": 100, "ix": 7}, "sk": {"a": 0, "k": 0, "ix": 4}, "sa": {"a": 0, "k": 0, "ix": 5}, "nm": "Transform"}], "nm": "Ellipse 20", "np": 3, "cix": 2, "bm": 0, "ix": 19, "mn": "ADBE Vector Group", "hd": false}, {"ty": "gr", "it": [{"d": 1, "ty": "el", "s": {"a": 0, "k": [2.204, 2.204], "ix": 2}, "p": {"a": 0, "k": [0, 0], "ix": 3}, "nm": "Ellipse Path 1", "mn": "ADBE Vector Shape - Ellipse", "hd": false}, {"ty": "st", "c": {"a": 0, "k": [1, 1, 1, 1], "ix": 3}, "o": {"a": 0, "k": 100, "ix": 4}, "w": {"a": 0, "k": 0.1, "ix": 5}, "lc": 1, "lj": 1, "ml": 4, "bm": 0, "nm": "Stroke 1", "mn": "ADBE Vector Graphic - Stroke", "hd": true}, {"ty": "fl", "c": {"a": 0, "k": [0.921768008961, 0.377249983245, 0.713619995117, 1], "ix": 4}, "o": {"a": 0, "k": 100, "ix": 5}, "r": 1, "bm": 0, "nm": "Fill 1", "mn": "ADBE Vector Graphic - Fill", "hd": false}, {"ty": "tr", "p": {"a": 0, "k": [45.86, 28.191], "ix": 2}, "a": {"a": 0, "k": [0, 0], "ix": 1}, "s": {"a": 0, "k": [100, 100], "ix": 3}, "r": {"a": 0, "k": 0, "ix": 6}, "o": {"a": 0, "k": 100, "ix": 7}, "sk": {"a": 0, "k": 0, "ix": 4}, "sa": {"a": 0, "k": 0, "ix": 5}, "nm": "Transform"}], "nm": "Ellipse 19", "np": 3, "cix": 2, "bm": 0, "ix": 20, "mn": "ADBE Vector Group", "hd": false}, {"ty": "gr", "it": [{"d": 1, "ty": "el", "s": {"a": 0, "k": [3.256, 3.256], "ix": 2}, "p": {"a": 0, "k": [0, 0], "ix": 3}, "nm": "Ellipse Path 1", "mn": "ADBE Vector Shape - Ellipse", "hd": false}, {"ty": "st", "c": {"a": 0, "k": [1, 1, 1, 1], "ix": 3}, "o": {"a": 0, "k": 100, "ix": 4}, "w": {"a": 0, "k": 0.1, "ix": 5}, "lc": 1, "lj": 1, "ml": 4, "bm": 0, "nm": "Stroke 1", "mn": "ADBE Vector Graphic - Stroke", "hd": true}, {"ty": "fl", "c": {"a": 0, "k": [0.921768008961, 0.377249983245, 0.713619995117, 1], "ix": 4}, "o": {"a": 0, "k": 100, "ix": 5}, "r": 1, "bm": 0, "nm": "Fill 1", "mn": "ADBE Vector Graphic - Fill", "hd": false}, {"ty": "tr", "p": {"a": 0, "k": [-33.177, 23.792], "ix": 2}, "a": {"a": 0, "k": [0, 0], "ix": 1}, "s": {"a": 0, "k": [100, 100], "ix": 3}, "r": {"a": 0, "k": 0, "ix": 6}, "o": {"a": 0, "k": 100, "ix": 7}, "sk": {"a": 0, "k": 0, "ix": 4}, "sa": {"a": 0, "k": 0, "ix": 5}, "nm": "Transform"}], "nm": "Ellipse 18", "np": 3, "cix": 2, "bm": 0, "ix": 21, "mn": "ADBE Vector Group", "hd": false}, {"ty": "gr", "it": [{"d": 1, "ty": "el", "s": {"a": 0, "k": [2.327, 2.327], "ix": 2}, "p": {"a": 0, "k": [0, 0], "ix": 3}, "nm": "Ellipse Path 1", "mn": "ADBE Vector Shape - Ellipse", "hd": false}, {"ty": "st", "c": {"a": 0, "k": [1, 1, 1, 1], "ix": 3}, "o": {"a": 0, "k": 100, "ix": 4}, "w": {"a": 0, "k": 0.1, "ix": 5}, "lc": 1, "lj": 1, "ml": 4, "bm": 0, "nm": "Stroke 1", "mn": "ADBE Vector Graphic - Stroke", "hd": true}, {"ty": "fl", "c": {"a": 0, "k": [0.921768008961, 0.377249983245, 0.713619995117, 1], "ix": 4}, "o": {"a": 0, "k": 100, "ix": 5}, "r": 1, "bm": 0, "nm": "Fill 1", "mn": "ADBE Vector Graphic - Fill", "hd": false}, {"ty": "tr", "p": {"a": 0, "k": [-79.485, 15.371], "ix": 2}, "a": {"a": 0, "k": [0, 0], "ix": 1}, "s": {"a": 0, "k": [100, 100], "ix": 3}, "r": {"a": 0, "k": 0, "ix": 6}, "o": {"a": 0, "k": 100, "ix": 7}, "sk": {"a": 0, "k": 0, "ix": 4}, "sa": {"a": 0, "k": 0, "ix": 5}, "nm": "Transform"}], "nm": "Ellipse 17", "np": 3, "cix": 2, "bm": 0, "ix": 22, "mn": "ADBE Vector Group", "hd": false}, {"ty": "gr", "it": [{"d": 1, "ty": "el", "s": {"a": 0, "k": [3.312, 3.312], "ix": 2}, "p": {"a": 0, "k": [0, 0], "ix": 3}, "nm": "Ellipse Path 1", "mn": "ADBE Vector Shape - Ellipse", "hd": false}, {"ty": "st", "c": {"a": 0, "k": [1, 1, 1, 1], "ix": 3}, "o": {"a": 0, "k": 100, "ix": 4}, "w": {"a": 0, "k": 0.1, "ix": 5}, "lc": 1, "lj": 1, "ml": 4, "bm": 0, "nm": "Stroke 1", "mn": "ADBE Vector Graphic - Stroke", "hd": true}, {"ty": "fl", "c": {"a": 0, "k": [0.921768008961, 0.377249983245, 0.713619995117, 1], "ix": 4}, "o": {"a": 0, "k": 100, "ix": 5}, "r": 1, "bm": 0, "nm": "Fill 1", "mn": "ADBE Vector Graphic - Fill", "hd": false}, {"ty": "tr", "p": {"a": 0, "k": [-104.756, 4.876], "ix": 2}, "a": {"a": 0, "k": [0, 0], "ix": 1}, "s": {"a": 0, "k": [100, 100], "ix": 3}, "r": {"a": 0, "k": 0, "ix": 6}, "o": {"a": 0, "k": 100, "ix": 7}, "sk": {"a": 0, "k": 0, "ix": 4}, "sa": {"a": 0, "k": 0, "ix": 5}, "nm": "Transform"}], "nm": "Ellipse 16", "np": 3, "cix": 2, "bm": 0, "ix": 23, "mn": "ADBE Vector Group", "hd": false}, {"ty": "gr", "it": [{"d": 1, "ty": "el", "s": {"a": 0, "k": [1.18, 1.18], "ix": 2}, "p": {"a": 0, "k": [0, 0], "ix": 3}, "nm": "Ellipse Path 1", "mn": "ADBE Vector Shape - Ellipse", "hd": false}, {"ty": "st", "c": {"a": 0, "k": [1, 1, 1, 1], "ix": 3}, "o": {"a": 0, "k": 100, "ix": 4}, "w": {"a": 0, "k": 0.1, "ix": 5}, "lc": 1, "lj": 1, "ml": 4, "bm": 0, "nm": "Stroke 1", "mn": "ADBE Vector Graphic - Stroke", "hd": true}, {"ty": "fl", "c": {"a": 0, "k": [0.921768008961, 0.377249983245, 0.713619995117, 1], "ix": 4}, "o": {"a": 0, "k": 100, "ix": 5}, "r": 1, "bm": 0, "nm": "Fill 1", "mn": "ADBE Vector Graphic - Fill", "hd": false}, {"ty": "tr", "p": {"a": 0, "k": [-75.133, -14.376], "ix": 2}, "a": {"a": 0, "k": [0, 0], "ix": 1}, "s": {"a": 0, "k": [100, 100], "ix": 3}, "r": {"a": 0, "k": 0, "ix": 6}, "o": {"a": 0, "k": 100, "ix": 7}, "sk": {"a": 0, "k": 0, "ix": 4}, "sa": {"a": 0, "k": 0, "ix": 5}, "nm": "Transform"}], "nm": "Ellipse 15", "np": 3, "cix": 2, "bm": 0, "ix": 24, "mn": "ADBE Vector Group", "hd": false}, {"ty": "gr", "it": [{"d": 1, "ty": "el", "s": {"a": 0, "k": [3.32, 3.32], "ix": 2}, "p": {"a": 0, "k": [0, 0], "ix": 3}, "nm": "Ellipse Path 1", "mn": "ADBE Vector Shape - Ellipse", "hd": false}, {"ty": "st", "c": {"a": 0, "k": [1, 1, 1, 1], "ix": 3}, "o": {"a": 0, "k": 100, "ix": 4}, "w": {"a": 0, "k": 0.1, "ix": 5}, "lc": 1, "lj": 1, "ml": 4, "bm": 0, "nm": "Stroke 1", "mn": "ADBE Vector Graphic - Stroke", "hd": true}, {"ty": "fl", "c": {"a": 0, "k": [0.921768008961, 0.377249983245, 0.713619995117, 1], "ix": 4}, "o": {"a": 0, "k": 100, "ix": 5}, "r": 1, "bm": 0, "nm": "Fill 1", "mn": "ADBE Vector Graphic - Fill", "hd": false}, {"ty": "tr", "p": {"a": 0, "k": [-2.457, -28.839], "ix": 2}, "a": {"a": 0, "k": [0, 0], "ix": 1}, "s": {"a": 0, "k": [100, 100], "ix": 3}, "r": {"a": 0, "k": 0, "ix": 6}, "o": {"a": 0, "k": 100, "ix": 7}, "sk": {"a": 0, "k": 0, "ix": 4}, "sa": {"a": 0, "k": 0, "ix": 5}, "nm": "Transform"}], "nm": "Ellipse 14", "np": 3, "cix": 2, "bm": 0, "ix": 25, "mn": "ADBE Vector Group", "hd": false}, {"ty": "gr", "it": [{"d": 1, "ty": "el", "s": {"a": 0, "k": [1.702, 1.702], "ix": 2}, "p": {"a": 0, "k": [0, 0], "ix": 3}, "nm": "Ellipse Path 1", "mn": "ADBE Vector Shape - Ellipse", "hd": false}, {"ty": "st", "c": {"a": 0, "k": [1, 1, 1, 1], "ix": 3}, "o": {"a": 0, "k": 100, "ix": 4}, "w": {"a": 0, "k": 0.1, "ix": 5}, "lc": 1, "lj": 1, "ml": 4, "bm": 0, "nm": "Stroke 1", "mn": "ADBE Vector Graphic - Stroke", "hd": true}, {"ty": "fl", "c": {"a": 0, "k": [0.921768008961, 0.377249983245, 0.713619995117, 1], "ix": 4}, "o": {"a": 0, "k": 100, "ix": 5}, "r": 1, "bm": 0, "nm": "Fill 1", "mn": "ADBE Vector Graphic - Fill", "hd": false}, {"ty": "tr", "p": {"a": 0, "k": [-37.743, -12.599], "ix": 2}, "a": {"a": 0, "k": [0, 0], "ix": 1}, "s": {"a": 0, "k": [100, 100], "ix": 3}, "r": {"a": 0, "k": 0, "ix": 6}, "o": {"a": 0, "k": 100, "ix": 7}, "sk": {"a": 0, "k": 0, "ix": 4}, "sa": {"a": 0, "k": 0, "ix": 5}, "nm": "Transform"}], "nm": "Ellipse 13", "np": 3, "cix": 2, "bm": 0, "ix": 26, "mn": "ADBE Vector Group", "hd": false}, {"ty": "gr", "it": [{"d": 1, "ty": "el", "s": {"a": 0, "k": [2.304, 2.304], "ix": 2}, "p": {"a": 0, "k": [0, 0], "ix": 3}, "nm": "Ellipse Path 1", "mn": "ADBE Vector Shape - Ellipse", "hd": false}, {"ty": "st", "c": {"a": 0, "k": [1, 1, 1, 1], "ix": 3}, "o": {"a": 0, "k": 100, "ix": 4}, "w": {"a": 0, "k": 0.1, "ix": 5}, "lc": 1, "lj": 1, "ml": 4, "bm": 0, "nm": "Stroke 1", "mn": "ADBE Vector Graphic - Stroke", "hd": true}, {"ty": "fl", "c": {"a": 0, "k": [0.921768008961, 0.377249983245, 0.713619995117, 1], "ix": 4}, "o": {"a": 0, "k": 100, "ix": 5}, "r": 1, "bm": 0, "nm": "Fill 1", "mn": "ADBE Vector Graphic - Fill", "hd": false}, {"ty": "tr", "p": {"a": 0, "k": [28.103, -13.813], "ix": 2}, "a": {"a": 0, "k": [0, 0], "ix": 1}, "s": {"a": 0, "k": [100, 100], "ix": 3}, "r": {"a": 0, "k": 0, "ix": 6}, "o": {"a": 0, "k": 100, "ix": 7}, "sk": {"a": 0, "k": 0, "ix": 4}, "sa": {"a": 0, "k": 0, "ix": 5}, "nm": "Transform"}], "nm": "Ellipse 12", "np": 3, "cix": 2, "bm": 0, "ix": 27, "mn": "ADBE Vector Group", "hd": false}, {"ty": "gr", "it": [{"d": 1, "ty": "el", "s": {"a": 0, "k": [2.102, 2.102], "ix": 2}, "p": {"a": 0, "k": [0, 0], "ix": 3}, "nm": "Ellipse Path 1", "mn": "ADBE Vector Shape - Ellipse", "hd": false}, {"ty": "st", "c": {"a": 0, "k": [1, 1, 1, 1], "ix": 3}, "o": {"a": 0, "k": 100, "ix": 4}, "w": {"a": 0, "k": 0.1, "ix": 5}, "lc": 1, "lj": 1, "ml": 4, "bm": 0, "nm": "Stroke 1", "mn": "ADBE Vector Graphic - Stroke", "hd": true}, {"ty": "fl", "c": {"a": 0, "k": [0.921768008961, 0.377249983245, 0.713619995117, 1], "ix": 4}, "o": {"a": 0, "k": 100, "ix": 5}, "r": 1, "bm": 0, "nm": "Fill 1", "mn": "ADBE Vector Graphic - Fill", "hd": false}, {"ty": "tr", "p": {"a": 0, "k": [98.85, -17.324], "ix": 2}, "a": {"a": 0, "k": [0, 0], "ix": 1}, "s": {"a": 0, "k": [100, 100], "ix": 3}, "r": {"a": 0, "k": 0, "ix": 6}, "o": {"a": 0, "k": 100, "ix": 7}, "sk": {"a": 0, "k": 0, "ix": 4}, "sa": {"a": 0, "k": 0, "ix": 5}, "nm": "Transform"}], "nm": "Ellipse 11", "np": 3, "cix": 2, "bm": 0, "ix": 28, "mn": "ADBE Vector Group", "hd": false}, {"ty": "gr", "it": [{"d": 1, "ty": "el", "s": {"a": 0, "k": [3.429, 3.429], "ix": 2}, "p": {"a": 0, "k": [0, 0], "ix": 3}, "nm": "Ellipse Path 1", "mn": "ADBE Vector Shape - Ellipse", "hd": false}, {"ty": "st", "c": {"a": 0, "k": [1, 1, 1, 1], "ix": 3}, "o": {"a": 0, "k": 100, "ix": 4}, "w": {"a": 0, "k": 0.1, "ix": 5}, "lc": 1, "lj": 1, "ml": 4, "bm": 0, "nm": "Stroke 1", "mn": "ADBE Vector Graphic - Stroke", "hd": true}, {"ty": "fl", "c": {"a": 0, "k": [0.921768008961, 0.377249983245, 0.713619995117, 1], "ix": 4}, "o": {"a": 0, "k": 100, "ix": 5}, "r": 1, "bm": 0, "nm": "Fill 1", "mn": "ADBE Vector Graphic - Fill", "hd": false}, {"ty": "tr", "p": {"a": 0, "k": [49.882, -28.785], "ix": 2}, "a": {"a": 0, "k": [0, 0], "ix": 1}, "s": {"a": 0, "k": [100, 100], "ix": 3}, "r": {"a": 0, "k": 0, "ix": 6}, "o": {"a": 0, "k": 100, "ix": 7}, "sk": {"a": 0, "k": 0, "ix": 4}, "sa": {"a": 0, "k": 0, "ix": 5}, "nm": "Transform"}], "nm": "Ellipse 10", "np": 3, "cix": 2, "bm": 0, "ix": 29, "mn": "ADBE Vector Group", "hd": false}, {"ty": "gr", "it": [{"d": 1, "ty": "el", "s": {"a": 0, "k": [3.88, 3.88], "ix": 2}, "p": {"a": 0, "k": [0, 0], "ix": 3}, "nm": "Ellipse Path 1", "mn": "ADBE Vector Shape - Ellipse", "hd": false}, {"ty": "st", "c": {"a": 0, "k": [1, 1, 1, 1], "ix": 3}, "o": {"a": 0, "k": 100, "ix": 4}, "w": {"a": 0, "k": 0.1, "ix": 5}, "lc": 1, "lj": 1, "ml": 4, "bm": 0, "nm": "Stroke 1", "mn": "ADBE Vector Graphic - Stroke", "hd": true}, {"ty": "fl", "c": {"a": 0, "k": [0.921768008961, 0.377249983245, 0.713619995117, 1], "ix": 4}, "o": {"a": 0, "k": 100, "ix": 5}, "r": 1, "bm": 0, "nm": "Fill 1", "mn": "ADBE Vector Graphic - Fill", "hd": false}, {"ty": "tr", "p": {"a": 0, "k": [-86.665, -49.397], "ix": 2}, "a": {"a": 0, "k": [0, 0], "ix": 1}, "s": {"a": 0, "k": [100, 100], "ix": 3}, "r": {"a": 0, "k": 0, "ix": 6}, "o": {"a": 0, "k": 100, "ix": 7}, "sk": {"a": 0, "k": 0, "ix": 4}, "sa": {"a": 0, "k": 0, "ix": 5}, "nm": "Transform"}], "nm": "Ellipse 9", "np": 3, "cix": 2, "bm": 0, "ix": 30, "mn": "ADBE Vector Group", "hd": false}, {"ty": "gr", "it": [{"d": 1, "ty": "el", "s": {"a": 0, "k": [3.247, 3.247], "ix": 2}, "p": {"a": 0, "k": [0, 0], "ix": 3}, "nm": "Ellipse Path 1", "mn": "ADBE Vector Shape - Ellipse", "hd": false}, {"ty": "st", "c": {"a": 0, "k": [1, 1, 1, 1], "ix": 3}, "o": {"a": 0, "k": 100, "ix": 4}, "w": {"a": 0, "k": 0.1, "ix": 5}, "lc": 1, "lj": 1, "ml": 4, "bm": 0, "nm": "Stroke 1", "mn": "ADBE Vector Graphic - Stroke", "hd": true}, {"ty": "fl", "c": {"a": 0, "k": [0.921768008961, 0.377249983245, 0.713619995117, 1], "ix": 4}, "o": {"a": 0, "k": 100, "ix": 5}, "r": 1, "bm": 0, "nm": "Fill 1", "mn": "ADBE Vector Graphic - Fill", "hd": false}, {"ty": "tr", "p": {"a": 0, "k": [-34.697, -42.894], "ix": 2}, "a": {"a": 0, "k": [0, 0], "ix": 1}, "s": {"a": 0, "k": [100, 100], "ix": 3}, "r": {"a": 0, "k": 0, "ix": 6}, "o": {"a": 0, "k": 100, "ix": 7}, "sk": {"a": 0, "k": 0, "ix": 4}, "sa": {"a": 0, "k": 0, "ix": 5}, "nm": "Transform"}], "nm": "Ellipse 8", "np": 3, "cix": 2, "bm": 0, "ix": 31, "mn": "ADBE Vector Group", "hd": false}, {"ty": "gr", "it": [{"d": 1, "ty": "el", "s": {"a": 0, "k": [4.116, 4.116], "ix": 2}, "p": {"a": 0, "k": [0, 0], "ix": 3}, "nm": "Ellipse Path 1", "mn": "ADBE Vector Shape - Ellipse", "hd": false}, {"ty": "st", "c": {"a": 0, "k": [1, 1, 1, 1], "ix": 3}, "o": {"a": 0, "k": 100, "ix": 4}, "w": {"a": 0, "k": 0.1, "ix": 5}, "lc": 1, "lj": 1, "ml": 4, "bm": 0, "nm": "Stroke 1", "mn": "ADBE Vector Graphic - Stroke", "hd": true}, {"ty": "fl", "c": {"a": 0, "k": [0.921768008961, 0.377249983245, 0.713619995117, 1], "ix": 4}, "o": {"a": 0, "k": 100, "ix": 5}, "r": 1, "bm": 0, "nm": "Fill 1", "mn": "ADBE Vector Graphic - Fill", "hd": false}, {"ty": "tr", "p": {"a": 0, "k": [68.79, -50.037], "ix": 2}, "a": {"a": 0, "k": [0, 0], "ix": 1}, "s": {"a": 0, "k": [100, 100], "ix": 3}, "r": {"a": 0, "k": 0, "ix": 6}, "o": {"a": 0, "k": 100, "ix": 7}, "sk": {"a": 0, "k": 0, "ix": 4}, "sa": {"a": 0, "k": 0, "ix": 5}, "nm": "Transform"}], "nm": "Ellipse 7", "np": 3, "cix": 2, "bm": 0, "ix": 32, "mn": "ADBE Vector Group", "hd": false}, {"ty": "gr", "it": [{"d": 1, "ty": "el", "s": {"a": 0, "k": [2.483, 2.483], "ix": 2}, "p": {"a": 0, "k": [0, 0], "ix": 3}, "nm": "Ellipse Path 1", "mn": "ADBE Vector Shape - Ellipse", "hd": false}, {"ty": "st", "c": {"a": 0, "k": [1, 1, 1, 1], "ix": 3}, "o": {"a": 0, "k": 100, "ix": 4}, "w": {"a": 0, "k": 0.1, "ix": 5}, "lc": 1, "lj": 1, "ml": 4, "bm": 0, "nm": "Stroke 1", "mn": "ADBE Vector Graphic - Stroke", "hd": true}, {"ty": "fl", "c": {"a": 0, "k": [0.921768008961, 0.377249983245, 0.713619995117, 1], "ix": 4}, "o": {"a": 0, "k": 100, "ix": 5}, "r": 1, "bm": 0, "nm": "Fill 1", "mn": "ADBE Vector Graphic - Fill", "hd": false}, {"ty": "tr", "p": {"a": 0, "k": [120.637, -60.325], "ix": 2}, "a": {"a": 0, "k": [0, 0], "ix": 1}, "s": {"a": 0, "k": [100, 100], "ix": 3}, "r": {"a": 0, "k": 0, "ix": 6}, "o": {"a": 0, "k": 100, "ix": 7}, "sk": {"a": 0, "k": 0, "ix": 4}, "sa": {"a": 0, "k": 0, "ix": 5}, "nm": "Transform"}], "nm": "Ellipse 6", "np": 3, "cix": 2, "bm": 0, "ix": 33, "mn": "ADBE Vector Group", "hd": false}, {"ty": "gr", "it": [{"d": 1, "ty": "el", "s": {"a": 0, "k": [2.144, 2.144], "ix": 2}, "p": {"a": 0, "k": [0, 0], "ix": 3}, "nm": "Ellipse Path 1", "mn": "ADBE Vector Shape - Ellipse", "hd": false}, {"ty": "st", "c": {"a": 0, "k": [1, 1, 1, 1], "ix": 3}, "o": {"a": 0, "k": 100, "ix": 4}, "w": {"a": 0, "k": 0.1, "ix": 5}, "lc": 1, "lj": 1, "ml": 4, "bm": 0, "nm": "Stroke 1", "mn": "ADBE Vector Graphic - Stroke", "hd": true}, {"ty": "fl", "c": {"a": 0, "k": [0.921768008961, 0.377249983245, 0.713619995117, 1], "ix": 4}, "o": {"a": 0, "k": 100, "ix": 5}, "r": 1, "bm": 0, "nm": "Fill 1", "mn": "ADBE Vector Graphic - Fill", "hd": false}, {"ty": "tr", "p": {"a": 0, "k": [67.804, -82.09], "ix": 2}, "a": {"a": 0, "k": [0, 0], "ix": 1}, "s": {"a": 0, "k": [100, 100], "ix": 3}, "r": {"a": 0, "k": 0, "ix": 6}, "o": {"a": 0, "k": 100, "ix": 7}, "sk": {"a": 0, "k": 0, "ix": 4}, "sa": {"a": 0, "k": 0, "ix": 5}, "nm": "Transform"}], "nm": "Ellipse 5", "np": 3, "cix": 2, "bm": 0, "ix": 34, "mn": "ADBE Vector Group", "hd": false}, {"ty": "gr", "it": [{"d": 1, "ty": "el", "s": {"a": 0, "k": [2.658, 2.658], "ix": 2}, "p": {"a": 0, "k": [0, 0], "ix": 3}, "nm": "Ellipse Path 1", "mn": "ADBE Vector Shape - Ellipse", "hd": false}, {"ty": "st", "c": {"a": 0, "k": [1, 1, 1, 1], "ix": 3}, "o": {"a": 0, "k": 100, "ix": 4}, "w": {"a": 0, "k": 0.1, "ix": 5}, "lc": 1, "lj": 1, "ml": 4, "bm": 0, "nm": "Stroke 1", "mn": "ADBE Vector Graphic - Stroke", "hd": true}, {"ty": "fl", "c": {"a": 0, "k": [0.921768008961, 0.377249983245, 0.713619995117, 1], "ix": 4}, "o": {"a": 0, "k": 100, "ix": 5}, "r": 1, "bm": 0, "nm": "Fill 1", "mn": "ADBE Vector Graphic - Fill", "hd": false}, {"ty": "tr", "p": {"a": 0, "k": [24.112, -73.498], "ix": 2}, "a": {"a": 0, "k": [0, 0], "ix": 1}, "s": {"a": 0, "k": [100, 100], "ix": 3}, "r": {"a": 0, "k": 0, "ix": 6}, "o": {"a": 0, "k": 100, "ix": 7}, "sk": {"a": 0, "k": 0, "ix": 4}, "sa": {"a": 0, "k": 0, "ix": 5}, "nm": "Transform"}], "nm": "Ellipse 4", "np": 3, "cix": 2, "bm": 0, "ix": 35, "mn": "ADBE Vector Group", "hd": false}, {"ty": "gr", "it": [{"d": 1, "ty": "el", "s": {"a": 0, "k": [2.556, 2.556], "ix": 2}, "p": {"a": 0, "k": [0, 0], "ix": 3}, "nm": "Ellipse Path 1", "mn": "ADBE Vector Shape - Ellipse", "hd": false}, {"ty": "st", "c": {"a": 0, "k": [1, 1, 1, 1], "ix": 3}, "o": {"a": 0, "k": 100, "ix": 4}, "w": {"a": 0, "k": 0.1, "ix": 5}, "lc": 1, "lj": 1, "ml": 4, "bm": 0, "nm": "Stroke 1", "mn": "ADBE Vector Graphic - Stroke", "hd": true}, {"ty": "fl", "c": {"a": 0, "k": [0.921768008961, 0.377249983245, 0.713619995117, 1], "ix": 4}, "o": {"a": 0, "k": 100, "ix": 5}, "r": 1, "bm": 0, "nm": "Fill 1", "mn": "ADBE Vector Graphic - Fill", "hd": false}, {"ty": "tr", "p": {"a": 0, "k": [-41.862, -73.928], "ix": 2}, "a": {"a": 0, "k": [0, 0], "ix": 1}, "s": {"a": 0, "k": [100, 100], "ix": 3}, "r": {"a": 0, "k": 0, "ix": 6}, "o": {"a": 0, "k": 100, "ix": 7}, "sk": {"a": 0, "k": 0, "ix": 4}, "sa": {"a": 0, "k": 0, "ix": 5}, "nm": "Transform"}], "nm": "Ellipse 3", "np": 3, "cix": 2, "bm": 0, "ix": 36, "mn": "ADBE Vector Group", "hd": false}, {"ty": "gr", "it": [{"d": 1, "ty": "el", "s": {"a": 0, "k": [3.154, 3.154], "ix": 2}, "p": {"a": 0, "k": [0, 0], "ix": 3}, "nm": "Ellipse Path 1", "mn": "ADBE Vector Shape - Ellipse", "hd": false}, {"ty": "st", "c": {"a": 0, "k": [1, 1, 1, 1], "ix": 3}, "o": {"a": 0, "k": 100, "ix": 4}, "w": {"a": 0, "k": 0.1, "ix": 5}, "lc": 1, "lj": 1, "ml": 4, "bm": 0, "nm": "Stroke 1", "mn": "ADBE Vector Graphic - Stroke", "hd": true}, {"ty": "fl", "c": {"a": 0, "k": [0.921768008961, 0.377249983245, 0.713619995117, 1], "ix": 4}, "o": {"a": 0, "k": 100, "ix": 5}, "r": 1, "bm": 0, "nm": "Fill 1", "mn": "ADBE Vector Graphic - Fill", "hd": false}, {"ty": "tr", "p": {"a": 0, "k": [-79.45, -76.66], "ix": 2}, "a": {"a": 0, "k": [0, 0], "ix": 1}, "s": {"a": 0, "k": [100, 100], "ix": 3}, "r": {"a": 0, "k": 0, "ix": 6}, "o": {"a": 0, "k": 100, "ix": 7}, "sk": {"a": 0, "k": 0, "ix": 4}, "sa": {"a": 0, "k": 0, "ix": 5}, "nm": "Transform"}], "nm": "Ellipse 2", "np": 3, "cix": 2, "bm": 0, "ix": 37, "mn": "ADBE Vector Group", "hd": false}, {"ty": "gr", "it": [{"d": 1, "ty": "el", "s": {"a": 0, "k": [3.065, 3.065], "ix": 2}, "p": {"a": 0, "k": [0, 0], "ix": 3}, "nm": "Ellipse Path 1", "mn": "ADBE Vector Shape - Ellipse", "hd": false}, {"ty": "st", "c": {"a": 0, "k": [1, 1, 1, 1], "ix": 3}, "o": {"a": 0, "k": 100, "ix": 4}, "w": {"a": 0, "k": 0.1, "ix": 5}, "lc": 1, "lj": 1, "ml": 4, "bm": 0, "nm": "Stroke 1", "mn": "ADBE Vector Graphic - Stroke", "hd": true}, {"ty": "fl", "c": {"a": 0, "k": [0.921768008961, 0.377249983245, 0.713619995117, 1], "ix": 4}, "o": {"a": 0, "k": 100, "ix": 5}, "r": 1, "bm": 0, "nm": "Fill 1", "mn": "ADBE Vector Graphic - Fill", "hd": false}, {"ty": "tr", "p": {"a": 0, "k": [-119.276, -70.263], "ix": 2}, "a": {"a": 0, "k": [0, 0], "ix": 1}, "s": {"a": 0, "k": [100, 100], "ix": 3}, "r": {"a": 0, "k": 0, "ix": 6}, "o": {"a": 0, "k": 100, "ix": 7}, "sk": {"a": 0, "k": 0, "ix": 4}, "sa": {"a": 0, "k": 0, "ix": 5}, "nm": "Transform"}], "nm": "Ellipse 1", "np": 3, "cix": 2, "bm": 0, "ix": 38, "mn": "ADBE Vector Group", "hd": false}], "ip": 0, "op": 60.0000024438501, "st": 0, "bm": 0}, {"ddd": 0, "ind": 2, "ty": 4, "nm": "Shape Layer 2", "sr": 1, "ks": {"o": {"a": 0, "k": 100, "ix": 11}, "r": {"a": 0, "k": 0, "ix": 10}, "p": {"a": 0, "k": [163.258, 63.649, 0], "ix": 2}, "a": {"a": 0, "k": [0, 0, 0], "ix": 1}, "s": {"a": 0, "k": [100, 100, 100], "ix": 6}}, "ao": 0, "shapes": [{"ty": "gr", "it": [{"ind": 0, "ty": "sh", "ix": 1, "ks": {"a": 0, "k": {"i": [[0, 0], [0, 0]], "o": [[0, 0], [0, 0]], "v": [[-163.5, -68], [164.5, -68]], "c": false}, "ix": 2}, "nm": "Path 1", "mn": "ADBE Vector Shape - Group", "hd": false}, {"ty": "st", "c": {"a": 0, "k": [0.842815577984, 0.842815577984, 0.842815577984, 1], "ix": 3}, "o": {"a": 0, "k": 100, "ix": 4}, "w": {"a": 0, "k": 0.1, "ix": 5}, "lc": 1, "lj": 1, "ml": 4, "bm": 0, "nm": "Stroke 1", "mn": "ADBE Vector Graphic - Stroke", "hd": false}, {"ty": "fl", "c": {"a": 0, "k": [1, 0, 0.617739021778, 1], "ix": 4}, "o": {"a": 0, "k": 100, "ix": 5}, "r": 1, "bm": 0, "nm": "Fill 1", "mn": "ADBE Vector Graphic - Fill", "hd": true}, {"ty": "tr", "p": {"a": 0, "k": [0, 0], "ix": 2}, "a": {"a": 0, "k": [0, 0], "ix": 1}, "s": {"a": 0, "k": [100, 100], "ix": 3}, "r": {"a": 0, "k": 0, "ix": 6}, "o": {"a": 0, "k": 100, "ix": 7}, "sk": {"a": 0, "k": 0, "ix": 4}, "sa": {"a": 0, "k": 0, "ix": 5}, "nm": "Transform"}], "nm": "Shape 1", "np": 3, "cix": 2, "bm": 0, "ix": 1, "mn": "ADBE Vector Group", "hd": false}, {"ty": "rp", "c": {"a": 0, "k": 39, "ix": 1}, "o": {"a": 0, "k": 0, "ix": 2}, "m": 1, "ix": 2, "tr": {"ty": "tr", "p": {"a": 0, "k": [0, 6], "ix": 2}, "a": {"a": 0, "k": [0, 0], "ix": 1}, "s": {"a": 0, "k": [100, 100], "ix": 3}, "r": {"a": 0, "k": 0, "ix": 4}, "so": {"a": 0, "k": 100, "ix": 5}, "eo": {"a": 0, "k": 100, "ix": 6}, "nm": "Transform"}, "nm": "Repeater 1", "mn": "ADBE Vector Filter - Repeater", "hd": false}], "ip": 0, "op": 60.0000024438501, "st": 0, "bm": 0}, {"ddd": 0, "ind": 3, "ty": 4, "nm": "Shape Layer 1", "sr": 1, "ks": {"o": {"a": 0, "k": 100, "ix": 11}, "r": {"a": 0, "k": 90, "ix": 10}, "p": {"a": 0, "k": [267.826, 71.985, 0], "ix": 2}, "a": {"a": 0, "k": [0, 0, 0], "ix": 1}, "s": {"a": 0, "k": [100, 100, 100], "ix": 6}}, "ao": 0, "shapes": [{"ty": "gr", "it": [{"ind": 0, "ty": "sh", "ix": 1, "ks": {"a": 0, "k": {"i": [[0, 0], [0, 0]], "o": [[0, 0], [0, 0]], "v": [[-163.5, -68], [164.5, -68]], "c": false}, "ix": 2}, "nm": "Path 1", "mn": "ADBE Vector Shape - Group", "hd": false}, {"ty": "st", "c": {"a": 0, "k": [0.842815577984, 0.842815577984, 0.842815577984, 1], "ix": 3}, "o": {"a": 0, "k": 100, "ix": 4}, "w": {"a": 0, "k": 0.1, "ix": 5}, "lc": 1, "lj": 1, "ml": 4, "bm": 0, "nm": "Stroke 1", "mn": "ADBE Vector Graphic - Stroke", "hd": false}, {"ty": "fl", "c": {"a": 0, "k": [1, 0, 0.617739021778, 1], "ix": 4}, "o": {"a": 0, "k": 100, "ix": 5}, "r": 1, "bm": 0, "nm": "Fill 1", "mn": "ADBE Vector Graphic - Fill", "hd": true}, {"ty": "tr", "p": {"a": 0, "k": [0, 0], "ix": 2}, "a": {"a": 0, "k": [0, 0], "ix": 1}, "s": {"a": 0, "k": [100, 100], "ix": 3}, "r": {"a": 0, "k": 0, "ix": 6}, "o": {"a": 0, "k": 100, "ix": 7}, "sk": {"a": 0, "k": 0, "ix": 4}, "sa": {"a": 0, "k": 0, "ix": 5}, "nm": "Transform"}], "nm": "Shape 1", "np": 3, "cix": 2, "bm": 0, "ix": 1, "mn": "ADBE Vector Group", "hd": false}, {"ty": "rp", "c": {"a": 0, "k": 88, "ix": 1}, "o": {"a": 0, "k": 0, "ix": 2}, "m": 1, "ix": 2, "tr": {"ty": "tr", "p": {"a": 0, "k": [0, 6], "ix": 2}, "a": {"a": 0, "k": [0, 0], "ix": 1}, "s": {"a": 0, "k": [100, 100], "ix": 3}, "r": {"a": 0, "k": 0, "ix": 4}, "so": {"a": 0, "k": 100, "ix": 5}, "eo": {"a": 0, "k": 100, "ix": 6}, "nm": "Transform"}, "nm": "Repeater 1", "mn": "ADBE Vector Filter - Repeater", "hd": false}], "ip": 0, "op": 60.0000024438501, "st": 0, "bm": 0}]}], "layers": [{"ddd": 0, "ind": 1, "ty": 4, "nm": "Bar", "sr": 1, "ks": {"o": {"a": 0, "k": 100, "ix": 11}, "r": {"a": 0, "k": 0, "ix": 10}, "p": {"a": 1, "k": [{"i": {"x": 0.333, "y": 1}, "o": {"x": 0.333, "y": 0}, "t": 0, "s": [164, 0, 0], "to": [0, 34.667, 0], "ti": [0, 0, 0]}, {"i": {"x": 0.333, "y": 1}, "o": {"x": 0.333, "y": 0}, "t": 30, "s": [164, 208, 0], "to": [0, 0, 0], "ti": [0, 34.667, 0]}, {"t": 60.0000024438501, "s": [164, 0, 0]}], "ix": 2}, "a": {"a": 0, "k": [-0.059, -10.747, 0], "ix": 1}, "s": {"a": 0, "k": [100, 100, 100], "ix": 6}}, "ao": 0, "shapes": [{"ty": "gr", "it": [{"ty": "rc", "d": 1, "s": {"a": 0, "k": [328, 2], "ix": 2}, "p": {"a": 0, "k": [0, 0], "ix": 3}, "r": {"a": 0, "k": 0, "ix": 4}, "nm": "Rectangle Path 1", "mn": "ADBE Vector Shape - Rect", "hd": false}, {"ty": "st", "c": {"a": 0, "k": [1, 1, 1, 1], "ix": 3}, "o": {"a": 0, "k": 100, "ix": 4}, "w": {"a": 0, "k": 2, "ix": 5}, "lc": 1, "lj": 1, "ml": 4, "bm": 0, "nm": "Stroke 1", "mn": "ADBE Vector Graphic - Stroke", "hd": true}, {"ty": "fl", "c": {"a": 0, "k": [0.137254901961, 0.898039215686, 0.858823529412, 1], "ix": 4}, "o": {"a": 0, "k": 100, "ix": 5}, "r": 1, "bm": 0, "nm": "Fill 1", "mn": "ADBE Vector Graphic - Fill", "hd": false}, {"ty": "tr", "p": {"a": 0, "k": [-0.059, -10.747], "ix": 2}, "a": {"a": 0, "k": [0, 0], "ix": 1}, "s": {"a": 0, "k": [100, 111.338], "ix": 3}, "r": {"a": 0, "k": 0, "ix": 6}, "o": {"a": 0, "k": 100, "ix": 7}, "sk": {"a": 0, "k": 0, "ix": 4}, "sa": {"a": 0, "k": 0, "ix": 5}, "nm": "Transform"}], "nm": "Rectangle 1", "np": 3, "cix": 2, "bm": 0, "ix": 1, "mn": "ADBE Vector Group", "hd": false}], "ip": 0, "op": 60.0000024438501, "st": 0, "bm": 0}, {"ddd": 0, "ind": 2, "ty": 0, "nm": "Pre-comp 1", "td": 1, "refId": "comp_0", "sr": 1, "ks": {"o": {"a": 0, "k": 100, "ix": 11}, "r": {"a": 0, "k": 0, "ix": 10}, "p": {"a": 0, "k": [164, 104, 0], "ix": 2}, "a": {"a": 0, "k": [164, 104, 0], "ix": 1}, "s": {"a": 0, "k": [100, 100, 100], "ix": 6}}, "ao": 0, "w": 328, "h": 208, "ip": 0, "op": 60.0000024438501, "st": 0, "bm": 0}, {"ddd": 0, "ind": 3, "ty": 4, "nm": "Trail", "parent": 1, "tt": 1, "sr": 1, "ks": {"o": {"a": 0, "k": 100, "ix": 11}, "r": {"a": 0, "k": 0, "ix": 10}, "p": {"a": 0, "k": [-0.059, -10.747, 0], "ix": 2}, "a": {"a": 0, "k": [0, -43.747, 0], "ix": 1}, "s": {"a": 1, "k": [{"i": {"x": [0.667, 0.667, 0.667], "y": [1, 1.062, 1]}, "o": {"x": [0.333, 0.333, 0.333], "y": [0, 0, 0]}, "t": 0, "s": [-100, 0, 100]}, {"i": {"x": [0.667, 0.667, 0.667], "y": [1, 1, 1]}, "o": {"x": [0.333, 0.333, 0.333], "y": [0, 9.259, 0]}, "t": 10, "s": [-100, -150, 100]}, {"i": {"x": [0.667, 0.667, 0.667], "y": [1, 1, 1]}, "o": {"x": [0.333, 0.333, 0.333], "y": [0, 0, 0]}, "t": 20, "s": [-100, -150, 100]}, {"i": {"x": [0.667, 0.667, 0.667], "y": [1, 0.938, 1]}, "o": {"x": [0.333, 0.333, 0.333], "y": [0, 0, 0]}, "t": 30, "s": [-100, 0, 100]}, {"i": {"x": [0.667, 0.667, 0.667], "y": [1, 1, 1]}, "o": {"x": [0.333, 0.333, 0.333], "y": [0, 9.259, 0]}, "t": 40, "s": [-100, 150, 100]}, {"i": {"x": [0.667, 0.667, 0.667], "y": [1, 1, 1]}, "o": {"x": [0.333, 0.333, 0.333], "y": [0, 0, 0]}, "t": 50, "s": [-100, 150, 100]}, {"t": 60.0000024438501, "s": [-100, 0, 100]}], "ix": 6}}, "ao": 0, "shapes": [{"ty": "gr", "it": [{"ty": "rc", "d": 1, "s": {"a": 0, "k": [328, 60], "ix": 2}, "p": {"a": 0, "k": [0, 0], "ix": 3}, "r": {"a": 0, "k": 0, "ix": 4}, "nm": "Rectangle Path 1", "mn": "ADBE Vector Shape - Rect", "hd": false}, {"ty": "gf", "o": {"a": 0, "k": 100, "ix": 10}, "r": 1, "bm": 0, "g": {"p": 3, "k": {"a": 0, "k": [0, 0.137, 0.898, 0.859, 0.504, 0.137, 0.898, 0.859, 1, 0.137, 0.898, 0.859, 0, 1, 0.5, 0.5, 1, 0], "ix": 9}}, "s": {"a": 0, "k": [0, -30], "ix": 5}, "e": {"a": 0, "k": [0, 30], "ix": 6}, "t": 1, "nm": "Gradient Fill 1", "mn": "ADBE Vector Graphic - G-Fill", "hd": false}, {"ty": "st", "c": {"a": 0, "k": [1, 1, 1, 1], "ix": 3}, "o": {"a": 0, "k": 100, "ix": 4}, "w": {"a": 0, "k": 2, "ix": 5}, "lc": 1, "lj": 1, "ml": 4, "bm": 0, "nm": "Stroke 1", "mn": "ADBE Vector Graphic - Stroke", "hd": true}, {"ty": "fl", "c": {"a": 0, "k": [0.137254908681, 0.898039221764, 0.858823537827, 1], "ix": 4}, "o": {"a": 0, "k": 100, "ix": 5}, "r": 1, "bm": 0, "nm": "Fill 1", "mn": "ADBE Vector Graphic - Fill", "hd": true}, {"ty": "tr", "p": {"a": 0, "k": [-0.059, -10.747], "ix": 2}, "a": {"a": 0, "k": [0, 0], "ix": 1}, "s": {"a": 0, "k": [100, 111.338], "ix": 3}, "r": {"a": 0, "k": 0, "ix": 6}, "o": {"a": 0, "k": 100, "ix": 7}, "sk": {"a": 0, "k": 0, "ix": 4}, "sa": {"a": 0, "k": 0, "ix": 5}, "nm": "Transform"}], "nm": "Rectangle 1", "np": 4, "cix": 2, "bm": 0, "ix": 1, "mn": "ADBE Vector Group", "hd": false}], "ip": 0, "op": 60.0000024438501, "st": 0, "bm": 0}], "markers": []}